run,setup_time,run_time,total_time,benchmark_output
1,121,25,146,0.008121013641357422 latency : 0.008121013641357422 
2,119,25,144,0.006918668746948242 latency : 0.006918668746948242 
3,98,22,120,0.009224891662597656 latency : 0.009224891662597656 
