run,setup_time,run_time,total_time,benchmark_output
1,118,32,150,latency : 1.8759276866912842 
2,109,35,144,latency : 1.5627567768096924 
3,107,36,143,latency : 1.6665065288543701 
4,110,36,146,latency : 1.9798343181610107 
5,112,36,148,latency : 1.6418054103851318 
6,104,33,137,latency : 1.8045380115509033 
7,111,34,145,latency : 1.6435401439666748 
8,110,34,144,latency : 1.5248215198516846 
9,103,37,140,latency : 1.522080421447754 
10,97,31,128,latency : 1.6740951538085938 
