run,setup_time,run_time,total_time,benchmark_output
1,122,129,251,32.085699796676636 disk latency : 19.289171934127808/ compress latency : 32.085699796676636 
2,121,213,334,53.52470254898071 disk latency : 19.32781982421875/ compress latency : 53.52470254898071 
3,108,150,258,52.55816698074341 disk latency : 25.036560773849487/ compress latency : 52.55816698074341 
4,136,123,259,49.31565570831299 disk latency : 16.941659688949585/ compress latency : 49.31565570831299 
